filename,title,source_url,source_type,topic,date_range,notes
cu_boulder_freshman_dorm_waitlist.txt,CU Boulder freshman dorm waitlist,https://www.reddit.com/r/cuboulder/comments/1t6k8k6/cu_boulder_freshman_dorm_housing/,Reddit thread,on-campus housing waitlist,May 2026,"Student discussion of freshman housing capacity, waitlist movement, and summer timing."
cu_boulder_meal_plan_types.txt,CU Boulder meal plan types,https://www.reddit.com/r/cuboulder/comments/14vmt6x,Reddit thread,meal plans,July 2023,"Student explanation of residence hall meal plans versus block meal plans."
cu_boulder_meal_plan_access_2020.txt,CU Boulder meal plan access and Bear Creek,https://www.reddit.com/r/cuboulder/comments/i4x806,Reddit thread,meal plans and dining access,August 2020,"Thread about returning students, Bear Creek, and dining hall access."
cu_boulder_meal_plan_costs.txt,CU Boulder meal plan costs and dining hall price,https://www.reddit.com/r/cuboulder/comments/hh8btj,Reddit thread,meal plans and costs,June 2020,"Student comments comparing credit card dining hall prices with meal swipe costs."
cu_boulder_sophomore_housing.txt,CU Boulder sophomore housing scarcity,https://www.reddit.com/r/cuboulder/comments/1fvnsi1,Reddit thread,off-campus housing,October 2024,"Student advice about starting the sophomore housing search early and expected rent."
cu_boulder_best_dorms_engineering.txt,CU Boulder dorms for engineering freshmen,https://www.reddit.com/r/cuboulder/comments/1jjba3x,Reddit thread,dorm selection,March 2025,"Student advice about dorms, attached bathrooms, AC, Will Vill, Kittredge, and Stearns."
cu_boulder_freshman_housing_advice.txt,CU Boulder freshman housing advice,https://www.reddit.com/r/cuboulder/comments/1rqab36/advice_on_freshman_housing/,Reddit thread,dorm selection and dining,Spring 2026,"Student advice mentioning C4C, Will Vill dining, and major-based dorm clusters."
cu_boulder_bear_creek_apartments.txt,CU Boulder Bear Creek apartments,https://www.reddit.com/r/cuboulder/comments/1j1ivbd,Reddit thread,Bear Creek,March 2025,"Student comments on whether Bear Creek works for sophomores and upperclassmen."
cu_boulder_bear_creek_pros_cons.txt,CU Boulder Bear Creek pros and cons,https://www.reddit.com/r/cuboulder/comments/11eqpyp,Reddit thread,Bear Creek,March 2023,"Student comments on Bear Creek affordability, quietness, transit, roommates, and inspections."
cu_boulder_upperclassmen_housing.txt,CU Boulder housing for upperclassmen,https://www.reddit.com/r/cuboulder/comments/15i3461,Reddit thread,upperclassmen housing,August 2023,"Student discussion of dorm priority, Bear Creek lottery, off-campus leases, and housing shortage."
